$FLYS,1
$VAR,FIRMWARE_VER,v2023.09.22
$VAR,DEVICE_ID,003b0020484e501420353131
$VAR,SESSION_ID,0cd2e5f29f22db13c1acef9e
$COL,BARO,time,pressure,temperature
$UNIT,BARO,s,Pa,deg C
$COL,HUM,time,humidity,temperature
$UNIT,HUM,s,percent,deg C
$COL,MAG,time,x,y,z,temperature
$UNIT,MAG,s,gauss,gauss,gauss,deg C
$COL,IMU,time,wx,wy,wz,ax,ay,az,temperature
$UNIT,IMU,s,deg/s,deg/s,deg/s,g,g,g,deg C
$COL,TIME,time,tow,week
$UNIT,TIME,s,s,
$COL,VBAT,time,voltage
$UNIT,VBAT,s,volt
$DATA
$IMU,131060.672,0.122,-3.051,-1.037,-0.43994,0.03369,0.87109,23.56
$IMU,131060.749,7.751,-22.888,-2.380,-0.28710,0.03027,0.89746,23.62
$BARO,131060.767,101794.41,23.26
$MAG,131060.772,-0.418,-0.247,-0.271,21.7
$BARO,131060.807,101807.18,23.26
$HUM,131060.811,55.0,24.3
$IMU,131060.825,-2.563,-30.456,6.103,-0.20703,0.02636,0.94580,23.61
$BARO,131060.847,101799.26,23.26
$MAG,131060.869,-0.430,-0.223,-0.271,21.9
$BARO,131060.887,101800.92,23.27
$HUM,131060.891,54.8,24.3
$IMU,131060.902,-15.747,-22.277,10.375,-0.24609,0.04101,0.96337,23.59
$BARO,131060.928,101805.52,23.27
$MAG,131060.965,-0.447,-0.210,-0.261,21.7
$BARO,131060.968,101799.33,23.27
$HUM,131060.971,54.6,24.3
$IMU,131060.978,-14.160,-18.493,19.775,-0.15673,0.02001,0.94726,23.64
$BARO,131061.008,101808.37,23.27
$BARO,131061.048,101805.84,23.28
$HUM,131061.052,54.1,24.4
$IMU,131061.055,-29.968,-18.432,43.090,-0.02099,-0.13427,0.99755,23.65
$MAG,131061.061,-0.448,-0.178,-0.250,21.8
$BARO,131061.088,101806.72,23.28
$BARO,131061.129,101799.67,23.28
$IMU,131061.131,-27.099,-2.624,45.349,-0.05175,-0.22607,1.01806,23.64
$HUM,131061.132,53.4,24.3
$MAG,131061.157,-0.435,-0.150,-0.240,21.8
$BARO,131061.169,101812.03,23.28
$IMU,131061.207,-12.390,8.117,33.081,-0.14062,-0.20947,1.03955,23.65
$BARO,131061.209,101803.86,23.28
$HUM,131061.212,52.9,24.4
$BARO,131061.249,101802.72,23.28
$MAG,131061.253,-0.414,-0.139,-0.250,21.7
$IMU,131061.284,-2.258,8.789,25.512,-0.15869,-0.22363,0.99902,23.68
$BARO,131061.290,101804.94,23.29
$HUM,131061.293,52.7,24.3
$BARO,131061.330,101804.01,23.29
$MAG,131061.349,-0.396,-0.145,-0.247,21.7
$IMU,131061.360,5.249,11.108,16.662,-0.25927,-0.15283,0.99707,23.69
$BARO,131061.370,101800.53,23.29
$HUM,131061.373,52.7,24.4
$BARO,131061.410,101799.21,23.29
$IMU,131061.437,10.253,7.934,14.709,-0.29199,-0.09814,0.97119,23.69
$MAG,131061.446,-0.384,-0.144,-0.255,21.7
$BARO,131061.450,101812.05,23.30
$HUM,131061.453,52.6,24.4
$BARO,131061.491,101808.01,23.29
$IMU,131061.513,10.864,2.197,20.446,-0.26513,-0.05664,0.97851,23.66
$BARO,131061.531,101804.79,23.29
$HUM,131061.533,52.7,24.3
$MAG,131061.542,-0.394,-0.147,-0.253,21.7
$BARO,131061.571,101802.06,23.30
$IMU,131061.590,6.530,-3.112,20.141,-0.21728,-0.06640,0.98876,23.71
$VBAT,131061.597,4.047
$BARO,131061.611,101810.64,23.29
$HUM,131061.614,52.8,24.4
$MAG,131061.638,-0.390,-0.156,-0.249,21.7
$BARO,131061.651,101803.55,23.30
$IMU,131061.666,7.873,-7.019,18.920,-0.17578,-0.04101,0.98730,23.71
$BARO,131061.692,101802.33,23.30
$HUM,131061.694,53.0,24.4
$BARO,131061.732,101801.35,23.30
$MAG,131061.734,-0.390,-0.163,-0.252,21.9
$IMU,131061.742,7.934,-5.554,13.366,-0.16406,-0.02734,0.98144,23.71
$BARO,131061.772,101810.86,23.30
$HUM,131061.774,53.1,24.4
$BARO,131061.812,101802.74,23.30
$IMU,131061.819,9.460,-1.892,4.394,-0.17968,-0.00976,0.99462,23.70
$MAG,131061.830,-0.390,-0.181,-0.246,21.8
$BARO,131061.853,101798.36,23.30
$HUM,131061.854,53.3,24.4
$BARO,131061.893,101803.21,23.30
$IMU,131061.895,10.559,-0.427,3.234,-0.18750,0.02001,0.99121,23.73
$MAG,131061.926,-0.388,-0.186,-0.250,21.9
$BARO,131061.933,101804.82,23.30
$HUM,131061.935,53.4,24.4
$IMU,131061.972,12.268,-1.098,6.530,-0.16992,0.01416,0.99511,23.72
$BARO,131061.973,101805.01,23.30
$BARO,131062.013,101802.48,23.31
$HUM,131062.015,53.5,24.4
$MAG,131062.023,-0.379,-0.204,-0.259,21.7
$IMU,131062.048,14.648,1.159,8.056,-0.18164,-0.14648,1.05468,23.74
$BARO,131062.054,101797.62,23.31
$BARO,131062.094,101803.28,23.31
$HUM,131062.095,54.1,24.4
$MAG,131062.119,-0.372,-0.243,-0.261,21.9
$IMU,131062.125,50.231,5.004,17.272,-0.20556,-0.13818,1.00488,23.74
$BARO,131062.134,101803.67,23.31
$BARO,131062.174,101806.62,23.30
$HUM,131062.175,55.2,24.4
$IMU,131062.201,100.280,8.361,28.259,-0.29638,0.30664,0.88232,23.75
$BARO,131062.214,101803.28,23.31
$MAG,131062.215,-0.378,-0.330,-0.268,21.9
$BARO,131062.255,101801.87,23.31
$HUM,131062.256,55.8,24.4
$IMU,131062.278,90.759,-1.953,23.132,-0.25146,0.56835,0.78662,23.73
$BARO,131062.295,101799.89,23.31
$MAG,131062.311,-0.402,-0.373,-0.232,21.8
$BARO,131062.335,101806.74,23.31
$HUM,131062.336,56.1,24.4
$IMU,131062.354,53.527,-24.414,20.812,-0.11523,0.57714,0.84228,23.72
$BARO,131062.375,101806.35,23.31
$MAG,131062.407,-0.430,-0.393,-0.217,21.8
$BARO,131062.415,101803.28,23.31
$HUM,131062.416,56.2,24.4
$IMU,131062.430,32.958,-25.146,-1.647,-0.07812,0.55810,0.79882,23.74
$BARO,131062.456,101810.32,23.31
$BARO,131062.496,101806.16,23.32
$HUM,131062.497,56.3,24.4
$MAG,131062.503,-0.460,-0.409,-0.195,21.9
$IMU,131062.507,31.738,-12.878,-15.747,-0.16308,0.62939,0.76660,23.75
$BARO,131062.536,101802.35,23.31
$BARO,131062.576,101812.32,23.31
$HUM,131062.577,56.4,24.5
$IMU,131062.583,25.451,-11.047,-11.718,-0.05664,0.69970,0.75732,23.72
$MAG,131062.599,-0.471,-0.415,-0.183,21.7
$VBAT,131062.604,4.030
$BARO,131062.617,101813.13,23.32
$BARO,131062.657,101807.67,23.31
$HUM,131062.657,56.4,24.5
$IMU,131062.660,15.930,5.859,-3.112,0.07763,0.59228,0.66845,23.74
$MAG,131062.696,-0.447,-0.445,-0.187,21.7
$BARO,131062.697,101812.44,23.32
$IMU,131062.736,27.770,34.301,2.868,-0.20605,0.83593,0.68750,23.75
$BARO,131062.737,101809.13,23.32
$HUM,131062.737,56.4,24.4
$BARO,131062.777,101805.01,23.32
$MAG,131062.792,-0.432,-0.438,-0.199,21.9
$IMU,131062.813,-0.976,18.920,15.136,-0.12548,0.76367,0.83984,23.76
$BARO,131062.818,101805.74,23.31
$HUM,131062.818,56.3,24.5
$BARO,131062.858,101811.54,23.31
$MAG,131062.888,-0.417,-0.418,-0.201,21.8
$IMU,131062.889,-26.916,10.498,20.568,-0.04345,0.58300,0.75976,23.79
$BARO,131062.898,101809.54,23.31
$HUM,131062.898,56.2,24.4
$BARO,131062.938,101809.01,23.32
$IMU,131062.965,-26.428,6.835,-0.366,-0.21484,0.79833,0.73193,23.74
$BARO,131062.978,101808.59,23.32
$HUM,131062.978,56.3,24.5
$MAG,131062.984,-0.415,-0.384,-0.208,21.8
$BARO,131063.019,101811.66,23.32
$IMU,131063.042,-46.630,-8.850,-38.696,-0.00830,0.67968,0.72216,23.81
$HUM,131063.058,56.1,24.5
$BARO,131063.059,101803.67,23.33
$MAG,131063.080,-0.399,-0.342,-0.244,21.7
$BARO,131063.099,101805.86,23.33
$IMU,131063.118,-72.814,-8.422,-79.711,-0.31396,0.56396,0.71191,23.78
$BARO,131063.139,101797.48,23.32
$HUM,131063.139,56.0,24.5
$MAG,131063.176,-0.429,-0.291,-0.258,21.8
$BARO,131063.179,101812.25,23.33
$IMU,131063.195,-91.674,-57.373,-134.826,-0.14697,0.46679,0.72119,23.78
$HUM,131063.219,55.8,24.5
$BARO,131063.220,101803.06,23.33
$BARO,131063.260,101797.62,23.32
$IMU,131063.271,-125.366,-88.867,-145.568,0.10253,-0.21240,0.87695,23.78
$MAG,131063.273,-0.529,-0.231,-0.232,21.8
$HUM,131063.299,55.6,24.5
$BARO,131063.300,101792.09,23.32
$BARO,131063.340,101800.28,23.33
$IMU,131063.348,-83.801,-68.481,-107.482,0.22070,-0.52343,1.17089,23.79
$MAG,131063.369,-0.577,-0.208,-0.220,21.7
$HUM,131063.379,55.4,24.5
$BARO,131063.380,101804.55,23.33
$BARO,131063.421,101798.55,23.33
$IMU,131063.424,-28.076,-26.733,-42.968,0.20019,-0.44287,1.10888,23.78
$HUM,131063.460,55.5,24.5
$BARO,131063.461,101801.35,23.33
$MAG,131063.465,-0.576,-0.225,-0.217,21.9
$BARO,131063.501,101805.74,23.33
$IMU,131063.501,8.972,1.037,-20.080,0.06005,-0.20605,1.00341,23.77
$HUM,131063.540,55.7,24.5
$BARO,131063.541,101801.28,23.34
$MAG,131063.561,-0.571,-0.247,-0.217,21.8
$IMU,131063.577,11.474,2.136,-19.653,0.08203,-0.10546,0.99755,23.78
$BARO,131063.581,101807.13,23.33
$HUM,131063.620,55.8,24.5
$BARO,131063.622,101805.01,23.33
$VBAT,131063.634,4.042
$IMU,131063.653,8.483,5.676,-19.836,0.04736,-0.06738,0.99267,23.79
$MAG,131063.657,-0.568,-0.262,-0.219,21.8
$BARO,131063.662,101801.40,23.34
$HUM,131063.701,55.8,24.5
$BARO,131063.702,101800.28,23.34
$IMU,131063.730,4.821,8.178,-10.314,0.04296,-0.07519,0.99023,23.79
$BARO,131063.742,101803.47,23.34
$MAG,131063.753,-0.559,-0.265,-0.222,21.8
$HUM,131063.781,55.9,24.5
$BARO,131063.783,101807.01,23.34
$IMU,131063.806,-0.366,12.756,-9.765,-0.06787,-0.10058,1.01025,23.78
$BARO,131063.823,101802.40,23.33
$MAG,131063.850,-0.559,-0.268,-0.235,21.8
$HUM,131063.861,55.8,24.5
$BARO,131063.863,101806.86,23.34
$IMU,131063.883,-0.549,3.906,-5.249,-0.04833,-0.14257,1.02050,23.82
$BARO,131063.903,101798.16,23.34
$HUM,131063.941,55.8,24.5
$BARO,131063.943,101807.08,23.34
$MAG,131063.946,-0.550,-0.264,-0.232,21.9
$IMU,131063.959,0.183,-3.356,4.394,0.04003,-0.18310,1.03759,23.79
$BARO,131063.984,101799.96,23.34
$HUM,131064.022,55.9,24.5
$BARO,131064.024,101801.67,23.34
$IMU,131064.036,15.991,-0.305,9.094,0.05761,-0.00292,0.99218,23.79
$MAG,131064.042,-0.553,-0.274,-0.223,21.7
$BARO,131064.064,101807.35,23.34
$HUM,131064.102,55.9,24.5
$BARO,131064.104,101814.05,23.34
$IMU,131064.112,9.704,3.601,4.028,-0.00146,-0.05371,0.97119,23.80
$MAG,131064.138,-0.558,-0.274,-0.231,21.8
$BARO,131064.144,101805.21,23.35
$HUM,131064.182,55.9,24.5
$BARO,131064.185,101804.74,23.35
$IMU,131064.189,1.831,0.427,-2.258,0.02929,-0.09033,1.01562,23.85
$BARO,131064.225,101804.21,23.35
$MAG,131064.234,-0.570,-0.273,-0.226,21.7
$HUM,131064.263,56.0,24.5
$BARO,131064.265,101800.82,23.35
$IMU,131064.265,5.554,0.488,-2.319,0.00488,-0.10546,0.99218,23.84
$BARO,131064.305,101804.40,23.35
$MAG,131064.331,-0.561,-0.285,-0.228,21.7
$IMU,131064.341,13.732,0.732,-1.831,0.02343,0.08789,0.99072,23.77
$HUM,131064.343,55.9,24.5
$BARO,131064.346,101802.50,23.35
$BARO,131064.386,101799.96,23.36
$IMU,131064.418,-3.906,-1.770,5.859,-0.08789,0.11279,1.03515,23.79
$HUM,131064.423,56.0,24.5
$BARO,131064.426,101797.62,23.35
$MAG,131064.427,-0.562,-0.285,-0.234,21.9
$BARO,131064.466,101798.62,23.35
$IMU,131064.494,1.403,-3.662,-1.220,-0.07617,0.06054,0.92041,23.78
$HUM,131064.503,56.0,24.5
$BARO,131064.506,101808.28,23.35
$MAG,131064.523,-0.573,-0.270,-0.217,21.8
$BARO,131064.547,101806.47,23.35
$IMU,131064.571,-17.578,-20.996,14.526,0.23681,-0.05273,1.02978,23.80
$HUM,131064.584,55.9,24.5
$BARO,131064.587,101809.47,23.35
$MAG,131064.619,-0.586,-0.250,-0.216,21.7
$BARO,131064.627,101803.16,23.36
$VBAT,131064.640,4.040
$IMU,131064.647,-17.883,-2.563,11.047,0.19140,-0.12695,1.03759,23.82
$HUM,131064.664,55.7,24.5
$BARO,131064.667,101798.77,23.36
$BARO,131064.707,101815.00,23.36
$MAG,131064.715,-0.565,-0.243,-0.219,21.9
$IMU,131064.724,-13.793,8.239,0.610,0.07666,-0.18750,1.02734,23.81
$HUM,131064.744,55.7,24.4
$BARO,131064.748,101807.42,23.36
$BARO,131064.788,101807.42,23.36
$IMU,131064.800,-3.662,1.403,-7.568,0.09277,-0.12158,1.00683,23.86
$MAG,131064.811,-0.579,-0.246,-0.217,21.7
$HUM,131064.824,55.7,24.5
$BARO,131064.828,101803.11,23.37
$BARO,131064.868,101802.77,23.36
$IMU,131064.876,-1.464,-3.601,-14.587,0.12695,-0.06640,0.99169,23.84
$HUM,131064.905,55.9,24.5
$BARO,131064.908,101803.57,23.36
$MAG,131064.908,-0.583,-0.250,-0.219,21.9
$BARO,131064.949,101801.23,23.37
$IMU,131064.953,-7.507,-0.244,-16.967,0.13378,-0.09179,0.96484,23.86
$HUM,131064.985,55.7,24.5
$BARO,131064.989,101809.62,23.36
$MAG,131065.004,-0.576,-0.255,-0.214,21.8
$BARO,131065.029,101799.82,23.36
$IMU,131065.029,-11.352,7.446,-17.272,0.05126,-0.10791,0.95312,23.83
$HUM,131065.065,55.6,24.5
$BARO,131065.069,101804.69,23.37
$TIME,131065.085,550413.000,2326
$MAG,131065.100,-0.561,-0.240,-0.222,21.8
$IMU,131065.106,-15.563,8.789,-13.732,0.02392,-0.16552,0.97314,23.83
$BARO,131065.109,101809.30,23.37
$HUM,131065.145,55.3,24.6
$BARO,131065.150,101805.84,23.38
$IMU,131065.182,-18.005,9.277,-10.253,-0.00488,-0.24072,0.94824,23.82
$BARO,131065.190,101801.50,23.37
$MAG,131065.196,-0.565,-0.232,-0.223,21.7
$HUM,131065.226,55.1,24.5
$BARO,131065.230,101802.77,23.37
$IMU,131065.259,-16.906,8.300,2.258,0.02490,-0.26171,1.00439,23.86
$BARO,131065.270,101812.35,23.37
$MAG,131065.292,-0.549,-0.205,-0.214,21.9
$HUM,131065.306,54.7,24.5
$BARO,131065.311,101809.42,23.38
$IMU,131065.335,-18.737,10.559,0.793,-0.06250,-0.34960,1.00439,23.86
$BARO,131065.351,101802.04,23.38
$HUM,131065.386,54.5,24.5
$MAG,131065.389,-0.556,-0.199,-0.220,21.9
$BARO,131065.391,101811.23,23.38
$IMU,131065.412,-6.835,5.859,-0.183,-0.05175,-0.30371,0.98974,23.82
$BARO,131065.431,101809.23,23.38
$HUM,131065.467,54.5,24.5
$BARO,131065.471,101808.50,23.38
$MAG,131065.485,-0.538,-0.195,-0.217,21.7
$IMU,131065.488,-3.540,5.065,4.882,-0.02343,-0.28613,0.97265,23.88
$BARO,131065.512,101808.11,23.38
$HUM,131065.547,54.3,24.5
$BARO,131065.552,101797.31,23.38
$IMU,131065.564,-4.577,4.821,12.207,-0.04003,-0.29003,0.98974,23.87
$MAG,131065.581,-0.531,-0.184,-0.216,21.8
$BARO,131065.592,101802.84,23.38
$HUM,131065.627,54.2,24.5
$BARO,131065.632,101806.98,23.39
$IMU,131065.641,-4.089,1.403,7.873,-0.04931,-0.32958,0.98193,23.86
$VBAT,131065.656,4.034
$BARO,131065.672,101806.18,23.39
$MAG,131065.677,-0.540,-0.180,-0.216,21.8
$HUM,131065.707,54.2,24.5
$BARO,131065.713,101802.65,23.39
$IMU,131065.717,-0.183,-4.516,5.310,0.00634,-0.32910,0.98193,23.89
$BARO,131065.753,101814.57,23.39
$MAG,131065.773,-0.541,-0.184,-0.223,21.8
$HUM,131065.788,54.3,24.6
$BARO,131065.793,101806.84,23.39
$IMU,131065.794,3.051,-4.028,5.615,-0.01513,-0.31542,0.97851,23.89
$BARO,131065.833,101799.26,23.39
$HUM,131065.868,54.4,24.6
$MAG,131065.870,-0.544,-0.193,-0.223,21.9
$IMU,131065.870,6.958,-2.014,3.967,-0.00537,-0.28173,0.96582,23.88
$BARO,131065.873,101800.26,23.39
$BARO,131065.914,101797.72,23.39
$IMU,131065.947,5.004,-1.403,6.896,0.00390,-0.27343,1.00537,23.88
$HUM,131065.948,54.4,24.5
$BARO,131065.954,101808.30,23.40
$MAG,131065.966,-0.540,-0.199,-0.220,21.8
$BARO,131065.994,101801.11,23.40
$IMU,131066.023,9.338,-3.784,9.399,0.08056,-0.25634,0.96386,23.92
$HUM,131066.028,54.6,24.6
$BARO,131066.034,101803.52,23.40
$MAG,131066.062,-0.541,-0.195,-0.226,21.8
$BARO,131066.074,101808.79,23.40
$TIME,131066.085,550414.000,2326
$IMU,131066.099,12.451,2.624,12.084,0.05761,-0.17724,0.98144,23.89
$HUM,131066.109,54.8,24.5
$BARO,131066.115,101804.84,23.41
$BARO,131066.155,101809.37,23.40
$MAG,131066.158,-0.534,-0.205,-0.226,21.7
$IMU,131066.176,6.469,9.826,5.310,-0.04296,-0.21142,0.98583,23.90
$HUM,131066.189,54.8,24.6
$BARO,131066.195,101809.32,23.41
$BARO,131066.235,101804.45,23.41
$IMU,131066.252,1.708,9.155,-6.469,-0.09326,-0.27734,0.99121,23.90
$MAG,131066.254,-0.523,-0.192,-0.232,21.8
$HUM,131066.269,54.8,24.6
$BARO,131066.275,101810.71,23.41
$BARO,131066.316,101796.45,23.41
$IMU,131066.329,6.103,4.577,-5.737,-0.09667,-0.24267,0.98437,23.88
$HUM,131066.349,54.9,24.6
$MAG,131066.351,-0.523,-0.208,-0.238,21.8
$BARO,131066.356,101802.72,23.41
$BARO,131066.396,101807.13,23.41
$IMU,131066.405,12.390,1.220,10.070,-0.11181,-0.14794,0.98974,23.87
$HUM,131066.430,55.0,24.6
$BARO,131066.436,101809.79,23.42
$MAG,131066.447,-0.517,-0.205,-0.223,21.9
$BARO,131066.477,101810.40,23.42
$IMU,131066.482,10.253,-10.314,33.386,-0.03271,-0.24560,1.00634,23.88
$HUM,131066.510,55.2,24.6
$BARO,131066.517,101806.72,23.41
$MAG,131066.543,-0.528,-0.217,-0.226,21.8
$BARO,131066.557,101802.79,23.42
$IMU,131066.558,23.071,-8.483,36.987,0.08789,-0.18310,1.03564,23.95
$HUM,131066.590,55.4,24.6
$BARO,131066.597,101806.59,23.42
$IMU,131066.635,33.081,10.742,24.353,-0.08593,-0.16210,1.03808,23.93
$BARO,131066.637,101804.45,23.42
$MAG,131066.639,-0.525,-0.231,-0.232,21.8
$VBAT,131066.663,4.029
$HUM,131066.671,55.7,24.6
$BARO,131066.678,101800.40,23.42
$IMU,131066.711,52.612,12.145,20.507,-0.10937,-0.21435,1.05371,23.91
$BARO,131066.718,101805.25,23.42
$MAG,131066.735,-0.508,-0.276,-0.240,21.9
$HUM,131066.751,56.2,24.6
$BARO,131066.758,101799.67,23.42
$IMU,131066.787,88.867,13.977,31.982,-0.05419,0.01953,0.93457,23.92
$BARO,131066.798,101804.06,23.42
$HUM,131066.831,56.3,24.6
$MAG,131066.832,-0.481,-0.364,-0.226,21.9
$BARO,131066.838,101802.45,23.42
$IMU,131066.864,115.234,26.184,44.189,-0.08154,0.37060,0.84423,23.97
$BARO,131066.879,101806.94,23.43
$HUM,131066.911,56.6,24.6
$BARO,131066.919,101799.06,23.42
$MAG,131066.928,-0.489,-0.408,-0.202,21.8
$IMU,131066.940,92.834,18.554,52.185,-0.01513,0.55810,0.80224,23.92
$BARO,131066.959,101808.33,23.43
$HUM,131066.992,56.7,24.6
$BARO,131066.999,101802.55,23.43
$IMU,131067.017,61.706,21.057,33.203,-0.06250,0.64208,0.77734,23.93
$MAG,131067.024,-0.471,-0.447,-0.184,21.8
$BARO,131067.039,101812.79,23.43
$HUM,131067.072,56.7,24.6
$BARO,131067.080,101817.98,23.43
$TIME,131067.085,550415.000,2326
$IMU,131067.093,43.640,24.108,27.160,-0.05810,0.68505,0.77343,23.95
$BARO,131067.120,101800.01,23.43
$MAG,131067.120,-0.459,-0.466,-0.183,21.9
$HUM,131067.152,56.7,24.6
$BARO,131067.160,101812.25,23.43
$IMU,131067.170,28.686,28.808,21.972,-0.11035,0.68066,0.73681,23.95
$BARO,131067.200,101814.05,23.44
$MAG,131067.217,-0.451,-0.469,-0.193,21.9
$HUM,131067.232,56.7,24.6
$BARO,131067.241,101813.25,23.43
$IMU,131067.246,17.700,27.954,21.972,-0.12255,0.67626,0.73242,23.91
$BARO,131067.281,101809.54,23.44
$HUM,131067.313,56.7,24.6
$MAG,131067.313,-0.436,-0.477,-0.195,21.8
$BARO,131067.321,101801.09,23.43
$IMU,131067.323,9.155,20.935,18.554,-0.05029,0.72314,0.77636,23.95
$BARO,131067.361,101805.86,23.44
$HUM,131067.393,56.7,24.6
$IMU,131067.399,-8.422,23.254,18.859,-0.03515,0.63232,0.75146,23.99
$BARO,131067.401,101813.05,23.44
$MAG,131067.409,-0.402,-0.477,-0.216,21.9
$BARO,131067.442,101811.54,23.44
$HUM,131067.473,56.5,24.6
$IMU,131067.475,-14.709,29.174,13.305,-0.12255,0.71630,0.74560,23.92
$BARO,131067.482,101808.08,23.45
$MAG,131067.505,-0.376,-0.463,-0.226,21.9
$BARO,131067.522,101809.40,23.45
$IMU,131067.552,-12.573,24.780,-2.258,-0.34130,0.57763,0.77783,23.96
$HUM,131067.554,56.5,24.6
$BARO,131067.562,101805.21,23.45
$MAG,131067.602,-0.384,-0.483,-0.228,21.7
$BARO,131067.603,101807.67,23.45
$IMU,131067.628,8.056,-5.371,-11.413,-0.28076,0.63183,0.66357,23.92
$HUM,131067.634,56.5,24.6
$BARO,131067.643,101808.01,23.45
$VBAT,131067.679,4.038
$BARO,131067.683,101812.15,23.46
$MAG,131067.698,-0.391,-0.483,-0.228,21.9
$IMU,131067.705,7.873,-3.845,1.831,0.00097,0.72460,0.72753,23.94
$HUM,131067.714,56.6,24.6
$BARO,131067.723,101802.67,23.45
$BARO,131067.763,101820.46,23.45
$IMU,131067.781,-5.432,29.541,18.798,-0.17285,0.72216,0.71435,23.95
$HUM,131067.794,56.4,24.6
$MAG,131067.794,-0.361,-0.463,-0.235,21.9
$BARO,131067.803,101817.93,23.46
$BARO,131067.844,101806.16,23.46
$IMU,131067.858,-10.437,40.039,23.437,-0.21044,0.69384,0.66699,23.96
$HUM,131067.875,56.4,24.6
$BARO,131067.884,101808.54,23.46
$MAG,131067.890,-0.348,-0.468,-0.231,21.9
$BARO,131067.924,101811.23,23.46
$IMU,131067.934,-19.287,38.330,31.738,-0.17285,0.81347,0.70751,23.96
$HUM,131067.955,56.2,24.6
$BARO,131067.964,101808.81,23.46
$MAG,131067.986,-0.307,-0.447,-0.253,21.9
$BARO,131068.004,101806.35,23.46
$IMU,131068.010,-41.687,34.790,25.756,-0.51855,0.54589,0.68066,23.94
$HUM,131068.035,56.1,24.6
$BARO,131068.045,101810.08,23.46
$MAG,131068.083,-0.339,-0.415,-0.259,21.9
$BARO,131068.085,101808.47,23.47
$TIME,131068.085,550416.000,2326
$IMU,131068.087,-29.296,-10.437,25.878,-0.28417,0.72900,0.79199,23.96
$HUM,131068.116,55.9,24.6
$BARO,131068.125,101810.01,23.46
$IMU,131068.163,-53.222,-23.803,5.798,0.11279,0.68652,0.94677,23.97
$BARO,131068.165,101813.27,23.47
$MAG,131068.179,-0.343,-0.367,-0.276,21.9
$HUM,131068.196,55.3,24.6
$BARO,131068.205,101805.08,23.47
$IMU,131068.240,-79.162,12.390,-0.793,-0.28662,0.26025,0.97167,23.99
$BARO,131068.246,101813.66,23.46
$MAG,131068.275,-0.354,-0.313,-0.274,21.7
$HUM,131068.276,54.8,24.6
$BARO,131068.286,101797.31,23.47
$IMU,131068.316,-46.142,-12.817,-8.911,-0.30517,0.21386,1.06982,23.99
$BARO,131068.326,101811.96,23.47
$HUM,131068.356,55.3,24.7
$BARO,131068.366,101805.57,23.47
$MAG,131068.371,-0.411,-0.304,-0.270,21.9
$IMU,131068.393,-0.671,-49.072,-5.249,-0.32519,0.09423,1.02294,23.95
$BARO,131068.406,101802.84,23.48
$HUM,131068.437,56.2,24.6
$BARO,131068.447,101806.77,23.47
$MAG,131068.467,-0.498,-0.328,-0.222,21.9
$IMU,131068.469,30.395,-81.726,7.446,-0.17919,0.41113,0.99414,23.95
$BARO,131068.487,101799.57,23.47
$HUM,131068.517,56.6,24.6
$BARO,131068.527,101805.84,23.48
$IMU,131068.546,30.822,-99.609,-20.446,0.06201,0.71191,0.95068,23.97
$MAG,131068.563,-0.604,-0.378,-0.175,21.9
$BARO,131068.567,101810.23,23.48
$HUM,131068.597,56.9,24.6
$BARO,131068.607,101814.22,23.48
$IMU,131068.622,55.969,-114.257,-41.137,0.26611,0.85253,0.61035,23.99
$BARO,131068.648,101812.37,23.49
$MAG,131068.660,-0.675,-0.487,-0.088,21.8
$HUM,131068.677,57.0,24.6
$BARO,131068.688,101807.84,23.48
$VBAT,131068.692,4.024
$IMU,131068.698,71.289,-129.882,-103.942,0.46533,1.00195,0.16699,24.01
$BARO,131068.728,101807.50,23.48
$MAG,131068.756,-0.676,-0.595,-0.024,21.9
$HUM,131068.758,56.9,24.6
$BARO,131068.768,101801.38,23.49
$IMU,131068.775,34.606,-99.792,-137.634,0.52490,0.68408,-0.01269,23.97
$BARO,131068.808,101803.18,23.49
$HUM,131068.838,57.0,24.6
$BARO,131068.849,101812.57,23.49
$IMU,131068.851,-19.775,-44.860,-75.195,0.60888,0.57128,0.10546,23.99
$MAG,131068.852,-0.660,-0.610,-0.031,21.9
$BARO,131068.889,101800.57,23.49
$HUM,131068.918,57.0,24.6
$IMU,131068.928,-67.260,34.667,6.896,0.21337,0.21728,0.08740,23.99
$BARO,131068.929,101795.46,23.49
$MAG,131068.948,-0.630,-0.547,-0.103,21.9
$BARO,131068.969,101792.26,23.49
$HUM,131068.999,57.0,24.7
$IMU,131069.004,-81.359,69.091,19.775,0.33593,0.12207,0.22558,24.00
$BARO,131069.009,101803.91,23.49
$MAG,131069.044,-0.574,-0.504,-0.183,21.9
$BARO,131069.050,101804.84,23.49
$HUM,131069.079,56.9,24.6
$IMU,131069.081,-69.213,82.275,9.216,-0.16748,0.14941,0.78466,24.01
$TIME,131069.085,550417.000,2326
$BARO,131069.090,101799.92,23.50
$BARO,131069.130,101803.57,23.49
$MAG,131069.140,-0.547,-0.478,-0.198,21.9
$IMU,131069.157,-41.748,40.588,21.911,-0.21484,0.12109,1.18310,24.04
$HUM,131069.159,56.8,24.7
$BARO,131069.170,101803.18,23.50
$BARO,131069.210,101804.57,23.50
$IMU,131069.234,-48.889,25.329,-13.244,-0.08789,0.11279,1.50195,24.03
$MAG,131069.237,-0.522,-0.450,-0.216,21.9
$HUM,131069.239,56.5,24.7
$BARO,131069.251,101800.31,23.50
$BARO,131069.291,101801.18,23.50
$IMU,131069.310,-32.714,30.883,-24.963,-0.06396,0.12402,1.49462,24.06
$HUM,131069.320,56.3,24.6
$BARO,131069.331,101810.84,23.51
$MAG,131069.333,-0.475,-0.454,-0.211,21.9
$BARO,131069.371,101811.42,23.50
$IMU,131069.386,1.525,33.569,-18.249,-0.33007,0.38232,1.31347,24.04
$HUM,131069.400,56.4,24.7
$BARO,131069.412,101812.91,23.51
$MAG,131069.429,-0.469,-0.475,-0.207,21.9
$BARO,131069.452,101829.29,23.51
$IMU,131069.463,12.573,10.131,-21.423,-0.22998,0.50732,1.11865,24.04
$HUM,131069.480,56.4,24.7
$BARO,131069.492,101816.22,23.51
$MAG,131069.525,-0.465,-0.495,-0.189,21.9
$BARO,131069.532,101812.71,23.51
$IMU,131069.539,11.108,-2.319,-9.948,-0.20800,0.50292,1.05810,24.04
$HUM,131069.561,56.3,24.6
$BARO,131069.572,101803.72,23.51
$BARO,131069.612,101817.17,23.52
$IMU,131069.616,9.399,-4.455,-0.366,-0.23437,0.43408,0.97900,24.04
$MAG,131069.621,-0.465,-0.502,-0.175,21.9
$HUM,131069.641,56.3,24.7
$BARO,131069.653,101815.30,23.51
$IMU,131069.692,19.775,-11.535,-1.708,-0.19824,0.43603,0.90673,24.02
$BARO,131069.693,101816.56,23.52
$VBAT,131069.698,4.042
$MAG,131069.718,-0.498,-0.517,-0.153,21.9
$HUM,131069.721,56.3,24.7
$BARO,131069.733,101807.59,23.52
$IMU,131069.769,23.559,-23.071,-2.929,-0.09960,0.49121,0.93505,24.04
$BARO,131069.773,101826.02,23.52
$HUM,131069.801,56.4,24.7
$BARO,131069.813,101812.25,23.52
$MAG,131069.814,-0.505,-0.531,-0.150,21.8
$IMU,131069.845,14.160,-19.165,2.136,-0.09472,0.48388,0.93066,24.02
$BARO,131069.854,101804.84,23.52
$HUM,131069.882,56.3,24.7
$BARO,131069.894,101805.91,23.53
$MAG,131069.910,-0.514,-0.535,-0.144,21.9
$IMU,131069.921,5.676,-12.084,1.647,-0.07226,0.42724,0.90283,24.03
$BARO,131069.934,101804.72,23.53
$HUM,131069.962,56.3,24.7
$BARO,131069.974,101813.71,23.53
$IMU,131069.998,3.967,-10.803,3.173,-0.03662,0.42822,0.90429,24.04
$MAG,131070.006,-0.531,-0.528,-0.141,22.0
$BARO,131070.015,101817.59,23.53
$HUM,131070.042,56.4,24.7
$BARO,131070.055,101811.40,23.53
$IMU,131070.074,4.272,-9.399,4.699,-0.00732,0.46679,0.92041,24.08
$TIME,131070.085,550418.000,2326
$BARO,131070.095,101809.40,23.53
$MAG,131070.102,-0.541,-0.526,-0.132,21.9
$HUM,131070.122,56.4,24.7
$BARO,131070.135,101813.10,23.53
$IMU,131070.151,0.610,-6.347,6.774,0.00488,0.46533,0.90576,24.09
$BARO,131070.175,101817.17,23.53
$MAG,131070.198,-0.541,-0.529,-0.124,21.8
$HUM,131070.203,56.4,24.7
$BARO,131070.216,101821.02,23.53
$IMU,131070.227,-3.479,-3.601,5.493,0.03222,0.45947,0.90722,24.04
$BARO,131070.256,101822.24,23.53
$HUM,131070.283,56.4,24.7
$MAG,131070.295,-0.544,-0.516,-0.135,21.9
$BARO,131070.296,101809.86,23.54
$IMU,131070.304,-9.155,2.380,2.441,0.00146,0.47656,0.92285,24.08
$BARO,131070.336,101819.71,23.54
$HUM,131070.363,56.4,24.7
$BARO,131070.376,101816.91,23.54
$IMU,131070.380,-21.240,0.976,-4.394,-0.06933,0.64648,0.91455,24.04
$MAG,131070.391,-0.547,-0.490,-0.153,21.9
$BARO,131070.417,101815.78,23.54
$HUM,131070.444,56.3,24.6
$BARO,131070.457,101811.52,23.54
$IMU,131070.457,-54.687,-15.380,-33.569,-0.17089,0.44384,0.79687,24.05
$MAG,131070.487,-0.555,-0.465,-0.159,21.9
$BARO,131070.497,101821.44,23.55
$HUM,131070.524,56.4,24.7
$IMU,131070.533,-54.260,-43.029,-80.261,0.06201,0.21777,0.88427,24.11
$BARO,131070.537,101820.20,23.54
$BARO,131070.577,101817.12,23.54
$MAG,131070.583,-0.580,-0.447,-0.159,21.8
$HUM,131070.604,56.4,24.7
$IMU,131070.609,-40.222,-49.377,-61.462,0.34814,0.14648,1.03710,24.06
$BARO,131070.618,101810.06,23.55
$BARO,131070.658,101818.44,23.55
$MAG,131070.679,-0.579,-0.411,-0.165,21.9
$HUM,131070.684,56.3,24.7
$IMU,131070.686,-44.433,-17.761,-16.540,0.33544,0.03857,1.10546,24.11
$VBAT,131070.698,4.037
$BARO,131070.698,101815.44,23.55
$BARO,131070.738,101820.05,23.55
$IMU,131070.762,-39.611,15.319,2.014,0.07714,-0.12255,1.02685,24.08
$HUM,131070.765,56.3,24.7
$MAG,131070.776,-0.576,-0.396,-0.178,21.9
$BARO,131070.778,101815.86,23.55
$BARO,131070.819,101815.74,23.56
$IMU,131070.839,-12.145,15.808,9.277,-0.01025,-0.08642,0.97509,24.09
$HUM,131070.845,56.3,24.7
$BARO,131070.859,101806.81,23.56
$MAG,131070.872,-0.562,-0.400,-0.183,21.9
$BARO,131070.899,101813.81,23.56
$IMU,131070.915,11.352,3.967,12.939,0.09423,0.10791,1.03857,24.09
$HUM,131070.925,56.3,24.7
$BARO,131070.939,101806.89,23.56
$MAG,131070.968,-0.562,-0.385,-0.183,21.9
$BARO,131070.979,101812.81,23.56
$IMU,131070.992,5.310,7.995,15.625,0.02734,0.16113,1.00537,24.09
$HUM,131071.006,56.3,24.7
$BARO,131071.020,101820.85,23.56
$BARO,131071.060,101808.62,23.56
$MAG,131071.064,-0.561,-0.393,-0.174,21.9
$IMU,131071.068,-0.427,7.568,8.972,0.04638,-0.00683,0.96093,24.06
$TIME,131071.085,550419.000,2326
$HUM,131071.086,56.3,24.7
$BARO,131071.100,101815.86,23.57
$BARO,131071.140,101816.05,23.57
$IMU,131071.145,14.465,-0.488,6.347,-0.06494,0.02099,0.96289,24.02
$MAG,131071.160,-0.561,-0.412,-0.169,21.9
$HUM,131071.166,56.4,24.7
$BARO,131071.181,101808.15,23.57
$BARO,131071.221,101816.27,23.57
$IMU,131071.221,30.029,-20.385,-3.112,0.12011,0.18750,0.99365,24.09
$HUM,131071.246,56.4,24.7
$MAG,131071.256,-0.591,-0.418,-0.150,21.9
$BARO,131071.261,101814.54,23.57
$IMU,131071.297,19.714,-18.859,9.948,0.11083,0.17675,0.99755,24.06
$BARO,131071.301,101809.54,23.57
$HUM,131071.327,56.4,24.7
$BARO,131071.341,101804.35,23.57
$MAG,131071.353,-0.603,-0.424,-0.153,21.9
$IMU,131071.374,6.408,-6.286,16.784,0.15673,0.15234,1.02734,24.11
$BARO,131071.382,101815.00,23.58
$HUM,131071.407,56.5,24.7
$BARO,131071.422,101802.04,23.58
$MAG,131071.449,-0.591,-0.433,-0.153,21.9
$IMU,131071.450,7.507,5.554,7.873,0.09814,0.16845,1.01953,24.11
$BARO,131071.462,101811.23,23.57
$HUM,131071.487,56.4,24.7
$BARO,131071.502,101816.66,23.58
$IMU,131071.527,14.038,4.333,-3.906,0.07080,0.23779,0.98779,24.16
$BARO,131071.542,101818.66,23.58
$MAG,131071.545,-0.598,-0.450,-0.144,21.9
$HUM,131071.568,56.4,24.7
$BARO,131071.583,101822.93,23.58
$IMU,131071.603,14.221,-4.333,-3.295,0.10205,0.23144,0.98242,24.11
$BARO,131071.623,101819.85,23.58
$MAG,131071.641,-0.594,-0.456,-0.138,21.9
$HUM,131071.648,56.6,24.7
$BARO,131071.663,101811.69,23.58
$IMU,131071.680,11.657,-4.821,0.061,0.13037,0.23632,0.97216,24.13
$VBAT,131071.699,4.026
$BARO,131071.703,101817.93,23.58
$HUM,131071.728,56.5,24.7
$MAG,131071.737,-0.603,-0.454,-0.133,21.9
$BARO,131071.743,101819.34,23.58
$IMU,131071.756,9.033,-1.586,1.037,0.12890,0.24902,0.96289,24.10
$BARO,131071.784,101813.15,23.59
$HUM,131071.808,56.5,24.7
$BARO,131071.824,101808.62,23.59
$IMU,131071.832,7.751,-0.183,0.915,0.10937,0.26074,0.96435,24.08
$MAG,131071.833,-0.601,-0.463,-0.138,21.9
$BARO,131071.864,101813.61,23.59
$HUM,131071.889,56.5,24.8
$BARO,131071.904,101817.42,23.59
$IMU,131071.909,6.347,-1.708,3.356,0.13427,0.27441,0.97021,24.11
$MAG,131071.930,-0.607,-0.466,-0.129,21.9
$BARO,131071.944,101818.34,23.60
$HUM,131071.969,56.5,24.7
$BARO,131071.985,101815.69,23.59
$IMU,131071.985,3.356,-2.197,4.394,0.13427,0.29003,0.96093,24.08
$BARO,131072.025,101813.88,23.60
$MAG,131072.026,-0.615,-0.463,-0.133,21.9
$HUM,131072.049,56.5,24.8
$IMU,131072.062,0.793,-0.488,0.305,0.15966,0.26660,0.95068,24.12
$BARO,131072.065,101803.89,23.60
$TIME,131072.085,550420.000,2326
$BARO,131072.105,101798.97,23.60
$MAG,131072.122,-0.613,-0.463,-0.136,21.9
$HUM,131072.130,56.5,24.8
$IMU,131072.138,-2.441,2.380,2.075,0.10888,0.28369,0.96875,24.07
$BARO,131072.145,101812.83,23.60
$BARO,131072.186,101814.57,23.60
$HUM,131072.210,56.6,24.8
$IMU,131072.215,-2.685,-1.037,0.122,0.14501,0.26318,0.98388,24.09
$MAG,131072.218,-0.601,-0.460,-0.127,21.9
$BARO,131072.226,101808.15,23.60
$BARO,131072.266,101813.88,23.61
$HUM,131072.290,56.5,24.8
$IMU,131072.291,0.122,-0.854,0.549,0.13525,0.26074,0.97656,24.09
$BARO,131072.306,101814.64,23.61
$MAG,131072.314,-0.607,-0.459,-0.120,22.0
$BARO,131072.346,101820.22,23.61
$IMU,131072.368,3.234,-1.159,-1.159,0.14843,0.27832,0.96777,24.10
$HUM,131072.371,56.6,24.8
